MachineName,Count
<built-in method lower of str object at 0x000001EE07FA2FD0>,1
<built-in method lower of str object at 0x000001EE25558BB0>,1
<built-in method lower of str object at 0x000001EE25558BF0>,1
<built-in method lower of str object at 0x000001EE25558C30>,1
<built-in method lower of str object at 0x000001EE25558C70>,1
<built-in method lower of str object at 0x000001EE24F1E5E0>,1
<built-in method lower of str object at 0x000001EE25558CB0>,1
<built-in method lower of str object at 0x000001EE25558CF0>,1
<built-in method lower of str object at 0x000001EE25558D30>,1
<built-in method lower of str object at 0x000001EE24F1E730>,1
<built-in method lower of str object at 0x000001EE25558D70>,1
<built-in method lower of str object at 0x000001EE24F1E700>,1
<built-in method lower of str object at 0x000001EE25558DB0>,1
<built-in method lower of str object at 0x000001EE24F1E580>,1
<built-in method lower of str object at 0x000001EE25558DF0>,1
<built-in method lower of str object at 0x000001EE25558E30>,1
<built-in method lower of str object at 0x000001EE25558E70>,1
<built-in method lower of str object at 0x000001EE24F1E6D0>,1
<built-in method lower of str object at 0x000001EE25558EB0>,1
<built-in method lower of str object at 0x000001EE25558EF0>,1
<built-in method lower of str object at 0x000001EE25558F30>,1
<built-in method lower of str object at 0x000001EE25558F70>,1
<built-in method lower of str object at 0x000001EE24F1E7C0>,1
<built-in method lower of str object at 0x000001EE25558FB0>,1
<built-in method lower of str object at 0x000001EE25558FF0>,1
<built-in method lower of str object at 0x000001EE24F1E7F0>,1
<built-in method lower of str object at 0x000001EE25559030>,1
<built-in method lower of str object at 0x000001EE25559070>,1
<built-in method lower of str object at 0x000001EE24F1E820>,1
<built-in method lower of str object at 0x000001EE255590B0>,1
<built-in method lower of str object at 0x000001EE255590F0>,1
<built-in method lower of str object at 0x000001EE25559130>,1
<built-in method lower of str object at 0x000001EE24F1E850>,1
<built-in method lower of str object at 0x000001EE2575F470>,1
<built-in method lower of str object at 0x000001EE2575F4B0>,1
<built-in method lower of str object at 0x000001EE24F1EC10>,1
<built-in method lower of str object at 0x000001EE2575F4F0>,1
<built-in method lower of str object at 0x000001EE2575F530>,1
<built-in method lower of str object at 0x000001EE2575F570>,1
<built-in method lower of str object at 0x000001EE2575F5B0>,1
<built-in method lower of str object at 0x000001EE24F1EC40>,1
<built-in method lower of str object at 0x000001EE24F1EC70>,1
<built-in method lower of str object at 0x000001EE24F1ECA0>,1
<built-in method lower of str object at 0x000001EE2575F5F0>,1
<built-in method lower of str object at 0x000001EE24F1ECD0>,1
<built-in method lower of str object at 0x000001EE2575F630>,1
<built-in method lower of str object at 0x000001EE24F1ED00>,1
<built-in method lower of str object at 0x000001EE2575F670>,1
<built-in method lower of str object at 0x000001EE2575F6B0>,1
<built-in method lower of str object at 0x000001EE24F1E880>,1
<built-in method lower of str object at 0x000001EE2575F6F0>,1
<built-in method lower of str object at 0x000001EE2575F730>,1
<built-in method lower of str object at 0x000001EE2575F770>,1
<built-in method lower of str object at 0x000001EE2575F7B0>,1
<built-in method lower of str object at 0x000001EE2575F7F0>,1
<built-in method lower of str object at 0x000001EE2575F830>,1
<built-in method lower of str object at 0x000001EE2575F870>,1
<built-in method lower of str object at 0x000001EE2575F8B0>,1
<built-in method lower of str object at 0x000001EE24F1E8B0>,1
<built-in method lower of str object at 0x000001EE2575F8F0>,1
<built-in method lower of str object at 0x000001EE24F1E8E0>,1
<built-in method lower of str object at 0x000001EE2575F930>,1
<built-in method lower of str object at 0x000001EE2575F970>,1
<built-in method lower of str object at 0x000001EE2575F9B0>,1
<built-in method lower of str object at 0x000001EE24F1E910>,1
<built-in method lower of str object at 0x000001EE2575F9F0>,1
<built-in method lower of str object at 0x000001EE24F1F060>,1
<built-in method lower of str object at 0x000001EE26041DB0>,1
<built-in method lower of str object at 0x000001EE26041DF0>,1
<built-in method lower of str object at 0x000001EE26041E30>,1
<built-in method lower of str object at 0x000001EE24F1F090>,1
<built-in method lower of str object at 0x000001EE24F1F0C0>,1
<built-in method lower of str object at 0x000001EE24F1F0F0>,1
<built-in method lower of str object at 0x000001EE26041E70>,1
<built-in method lower of str object at 0x000001EE26041EB0>,1
<built-in method lower of str object at 0x000001EE26041EF0>,1
<built-in method lower of str object at 0x000001EE26041F30>,1
<built-in method lower of str object at 0x000001EE24F1F120>,1
<built-in method lower of str object at 0x000001EE26041F70>,1
<built-in method lower of str object at 0x000001EE26041FB0>,1
<built-in method lower of str object at 0x000001EE24F1E940>,1
<built-in method lower of str object at 0x000001EE24F1E970>,1
<built-in method lower of str object at 0x000001EE26041FF0>,1
<built-in method lower of str object at 0x000001EE26042030>,1
<built-in method lower of str object at 0x000001EE26042070>,1
<built-in method lower of str object at 0x000001EE260420B0>,1
<built-in method lower of str object at 0x000001EE260420F0>,1
<built-in method lower of str object at 0x000001EE26042130>,1
<built-in method lower of str object at 0x000001EE26042170>,1
<built-in method lower of str object at 0x000001EE260421B0>,1
<built-in method lower of str object at 0x000001EE260421F0>,1
<built-in method lower of str object at 0x000001EE26042230>,1
<built-in method lower of str object at 0x000001EE26042270>,1
<built-in method lower of str object at 0x000001EE24F1E9A0>,1
<built-in method lower of str object at 0x000001EE260422B0>,1
<built-in method lower of str object at 0x000001EE24F1E9D0>,1
<built-in method lower of str object at 0x000001EE260422F0>,1
<built-in method lower of str object at 0x000001EE26042330>,1
<built-in method lower of str object at 0x000001EE24F1ED30>,1
<built-in method lower of str object at 0x000001EE24F1F4B0>,1
<built-in method lower of str object at 0x000001EE26244630>,1
<built-in method lower of str object at 0x000001EE26244670>,1
<built-in method lower of str object at 0x000001EE262446B0>,1
<built-in method lower of str object at 0x000001EE24F1F4E0>,1
<built-in method lower of str object at 0x000001EE24F1F510>,1
<built-in method lower of str object at 0x000001EE262446F0>,1
<built-in method lower of str object at 0x000001EE26244730>,1
<built-in method lower of str object at 0x000001EE24F1F540>,1
<built-in method lower of str object at 0x000001EE24F1F570>,1
<built-in method lower of str object at 0x000001EE24F1ED60>,1
<built-in method lower of str object at 0x000001EE26244770>,1
<built-in method lower of str object at 0x000001EE262447B0>,1
<built-in method lower of str object at 0x000001EE24F1ED90>,1
<built-in method lower of str object at 0x000001EE262447F0>,1
<built-in method lower of str object at 0x000001EE26244830>,1
<built-in method lower of str object at 0x000001EE26244870>,1
<built-in method lower of str object at 0x000001EE262448B0>,1
<built-in method lower of str object at 0x000001EE262448F0>,1
<built-in method lower of str object at 0x000001EE26244930>,1
<built-in method lower of str object at 0x000001EE26244970>,1
<built-in method lower of str object at 0x000001EE262449B0>,1
<built-in method lower of str object at 0x000001EE24F1EDC0>,1
<built-in method lower of str object at 0x000001EE262449F0>,1
<built-in method lower of str object at 0x000001EE26244A30>,1
<built-in method lower of str object at 0x000001EE26244A70>,1
<built-in method lower of str object at 0x000001EE26244AB0>,1
<built-in method lower of str object at 0x000001EE26244AF0>,1
<built-in method lower of str object at 0x000001EE26244B30>,1
<built-in method lower of str object at 0x000001EE26244B70>,1
<built-in method lower of str object at 0x000001EE24F1F150>,1
<built-in method lower of str object at 0x000001EE26244BB0>,1
<built-in method lower of str object at 0x000001EE24F1F180>,1
<built-in method lower of str object at 0x000001EE24F1F900>,1
<built-in method lower of str object at 0x000001EE24F1F930>,1
<built-in method lower of str object at 0x000001EE26446EF0>,1
<built-in method lower of str object at 0x000001EE24F1F960>,1
<built-in method lower of str object at 0x000001EE26446F30>,1
<built-in method lower of str object at 0x000001EE26446F70>,1
<built-in method lower of str object at 0x000001EE24F1F990>,1
<built-in method lower of str object at 0x000001EE26446FB0>,1
<built-in method lower of str object at 0x000001EE26446FF0>,1
<built-in method lower of str object at 0x000001EE26447030>,1
<built-in method lower of str object at 0x000001EE24F1F9C0>,1
<built-in method lower of str object at 0x000001EE26447070>,1
<built-in method lower of str object at 0x000001EE264470B0>,1
<built-in method lower of str object at 0x000001EE24F1F1B0>,1
<built-in method lower of str object at 0x000001EE264470F0>,1
<built-in method lower of str object at 0x000001EE24F1F1E0>,1
<built-in method lower of str object at 0x000001EE26447130>,1
<built-in method lower of str object at 0x000001EE26447170>,1
<built-in method lower of str object at 0x000001EE264471B0>,1
<built-in method lower of str object at 0x000001EE264471F0>,1
<built-in method lower of str object at 0x000001EE24F1F210>,1
<built-in method lower of str object at 0x000001EE26447230>,1
<built-in method lower of str object at 0x000001EE26447270>,1
<built-in method lower of str object at 0x000001EE264472B0>,1
<built-in method lower of str object at 0x000001EE264472F0>,1
<built-in method lower of str object at 0x000001EE26447330>,1
<built-in method lower of str object at 0x000001EE24F1F5A0>,1
<built-in method lower of str object at 0x000001EE26447370>,1
<built-in method lower of str object at 0x000001EE264473B0>,1
<built-in method lower of str object at 0x000001EE24F1F5D0>,1
<built-in method lower of str object at 0x000001EE264473F0>,1
<built-in method lower of str object at 0x000001EE26447430>,1
<built-in method lower of str object at 0x000001EE26447470>,1
<built-in method lower of str object at 0x000001EE24F1FD50>,1
<built-in method lower of str object at 0x000001EE24F1FD80>,1
<built-in method lower of str object at 0x000001EE26649770>,1
<built-in method lower of str object at 0x000001EE266497B0>,1
<built-in method lower of str object at 0x000001EE24F1FDB0>,1
<built-in method lower of str object at 0x000001EE266497F0>,1
<built-in method lower of str object at 0x000001EE24F1FDE0>,1
<built-in method lower of str object at 0x000001EE24F1FE10>,1
<built-in method lower of str object at 0x000001EE26649830>,1
<built-in method lower of str object at 0x000001EE26649870>,1
<built-in method lower of str object at 0x000001EE266498B0>,1
<built-in method lower of str object at 0x000001EE266498F0>,1
<built-in method lower of str object at 0x000001EE26649930>,1
<built-in method lower of str object at 0x000001EE26649970>,1
<built-in method lower of str object at 0x000001EE24F1F600>,1
<built-in method lower of str object at 0x000001EE266499B0>,1
<built-in method lower of str object at 0x000001EE266499F0>,1
<built-in method lower of str object at 0x000001EE26649A30>,1
<built-in method lower of str object at 0x000001EE26649A70>,1
<built-in method lower of str object at 0x000001EE26649AB0>,1
<built-in method lower of str object at 0x000001EE24F1F630>,1
<built-in method lower of str object at 0x000001EE26649AF0>,1
<built-in method lower of str object at 0x000001EE24F1F660>,1
<built-in method lower of str object at 0x000001EE26649B30>,1
<built-in method lower of str object at 0x000001EE24F1F9F0>,1
<built-in method lower of str object at 0x000001EE26649B70>,1
<built-in method lower of str object at 0x000001EE26649BB0>,1
<built-in method lower of str object at 0x000001EE24F1FA20>,1
<built-in method lower of str object at 0x000001EE26649BF0>,1
<built-in method lower of str object at 0x000001EE26649C30>,1
<built-in method lower of str object at 0x000001EE26649C70>,1
<built-in method lower of str object at 0x000001EE26649CB0>,1
<built-in method lower of str object at 0x000001EE26649CF0>,1
<built-in method lower of str object at 0x000001EE26850070>,1
<built-in method lower of str object at 0x000001EE268500B0>,1
<built-in method lower of str object at 0x000001EE268500F0>,1
<built-in method lower of str object at 0x000001EE2664C060>,1
<built-in method lower of str object at 0x000001EE26850130>,1
<built-in method lower of str object at 0x000001EE26850170>,1
<built-in method lower of str object at 0x000001EE2664C090>,1
<built-in method lower of str object at 0x000001EE268501B0>,1
<built-in method lower of str object at 0x000001EE268501F0>,1
<built-in method lower of str object at 0x000001EE2664C0C0>,1
<built-in method lower of str object at 0x000001EE26850230>,1
<built-in method lower of str object at 0x000001EE26850270>,1
<built-in method lower of str object at 0x000001EE268502B0>,1
<built-in method lower of str object at 0x000001EE2664C0F0>,1
<built-in method lower of str object at 0x000001EE268502F0>,1
<built-in method lower of str object at 0x000001EE2664C120>,1
<built-in method lower of str object at 0x000001EE26850330>,1
<built-in method lower of str object at 0x000001EE26850370>,1
<built-in method lower of str object at 0x000001EE268503B0>,1
<built-in method lower of str object at 0x000001EE268503F0>,1
<built-in method lower of str object at 0x000001EE2664C150>,1
<built-in method lower of str object at 0x000001EE26850430>,1
<built-in method lower of str object at 0x000001EE26850470>,1
<built-in method lower of str object at 0x000001EE2664C180>,1
<built-in method lower of str object at 0x000001EE2664C1B0>,1
<built-in method lower of str object at 0x000001EE268504B0>,1
<built-in method lower of str object at 0x000001EE2664C1E0>,1
<built-in method lower of str object at 0x000001EE268504F0>,1
<built-in method lower of str object at 0x000001EE2664C210>,1
<built-in method lower of str object at 0x000001EE26850530>,1
<built-in method lower of str object at 0x000001EE26850570>,1
<built-in method lower of str object at 0x000001EE268505B0>,1
<built-in method lower of str object at 0x000001EE268505F0>,1
<built-in method lower of str object at 0x000001EE2664C600>,1
<built-in method lower of str object at 0x000001EE2664C630>,1
<built-in method lower of str object at 0x000001EE26A56930>,1
<built-in method lower of str object at 0x000001EE2664C660>,1
<built-in method lower of str object at 0x000001EE2664C690>,1
<built-in method lower of str object at 0x000001EE26A56970>,1
<built-in method lower of str object at 0x000001EE2664C6C0>,1
<built-in method lower of str object at 0x000001EE26A569B0>,1
<built-in method lower of str object at 0x000001EE26A569F0>,1
<built-in method lower of str object at 0x000001EE26A56A30>,1
<built-in method lower of str object at 0x000001EE26A56A70>,1
<built-in method lower of str object at 0x000001EE26A56AB0>,1
<built-in method lower of str object at 0x000001EE2664C6F0>,1
<built-in method lower of str object at 0x000001EE2664C240>,1
<built-in method lower of str object at 0x000001EE26A56AF0>,1
<built-in method lower of str object at 0x000001EE26A56B30>,1
<built-in method lower of str object at 0x000001EE26A56B70>,1
<built-in method lower of str object at 0x000001EE26A56BB0>,1
<built-in method lower of str object at 0x000001EE26A56BF0>,1
<built-in method lower of str object at 0x000001EE26A56C30>,1
<built-in method lower of str object at 0x000001EE26A56C70>,1
<built-in method lower of str object at 0x000001EE26A56CB0>,1
<built-in method lower of str object at 0x000001EE26A56CF0>,1
<built-in method lower of str object at 0x000001EE26A56D30>,1
<built-in method lower of str object at 0x000001EE2664C270>,1
<built-in method lower of str object at 0x000001EE26A56D70>,1
<built-in method lower of str object at 0x000001EE26A56DB0>,1
<built-in method lower of str object at 0x000001EE26A56DF0>,1
<built-in method lower of str object at 0x000001EE2664C2A0>,1
<built-in method lower of str object at 0x000001EE2664C2D0>,1
<built-in method lower of str object at 0x000001EE26A56E30>,1
<built-in method lower of str object at 0x000001EE26A56E70>,1
<built-in method lower of str object at 0x000001EE26A56EB0>,1
<built-in method lower of str object at 0x000001EE2664C840>,1
<built-in method lower of str object at 0x000001EE26C5D270>,1
<built-in method lower of str object at 0x000001EE26C5D2B0>,1
<built-in method lower of str object at 0x000001EE26C5D2F0>,1
<built-in method lower of str object at 0x000001EE26C5D330>,1
<built-in method lower of str object at 0x000001EE26C5D370>,1
<built-in method lower of str object at 0x000001EE26C5D3B0>,1
<built-in method lower of str object at 0x000001EE2664C870>,1
<built-in method lower of str object at 0x000001EE26C5D3F0>,1
<built-in method lower of str object at 0x000001EE26C5D430>,1
<built-in method lower of str object at 0x000001EE2664C8A0>,1
<built-in method lower of str object at 0x000001EE26C5D470>,1
<built-in method lower of str object at 0x000001EE26C5D4B0>,1
<built-in method lower of str object at 0x000001EE2664C8D0>,1
<built-in method lower of str object at 0x000001EE2664C900>,1
<built-in method lower of str object at 0x000001EE2664C930>,1
<built-in method lower of str object at 0x000001EE2664C960>,1
<built-in method lower of str object at 0x000001EE26C5D4F0>,1
<built-in method lower of str object at 0x000001EE26C5D530>,1
<built-in method lower of str object at 0x000001EE2664C990>,1
<built-in method lower of str object at 0x000001EE2664C9C0>,1
<built-in method lower of str object at 0x000001EE26C5D570>,1
<built-in method lower of str object at 0x000001EE26C5D5B0>,1
<built-in method lower of str object at 0x000001EE26C5D5F0>,1
<built-in method lower of str object at 0x000001EE26C5D630>,1
<built-in method lower of str object at 0x000001EE26C5D670>,1
<built-in method lower of str object at 0x000001EE26C5D6B0>,1
<built-in method lower of str object at 0x000001EE2664C9F0>,1
<built-in method lower of str object at 0x000001EE26C5D6F0>,1
<built-in method lower of str object at 0x000001EE26C5D730>,1
<built-in method lower of str object at 0x000001EE26C5D770>,1
<built-in method lower of str object at 0x000001EE26C5D7B0>,1
<built-in method lower of str object at 0x000001EE26C5D7F0>,1
<built-in method lower of str object at 0x000001EE2664CC90>,1
<built-in method lower of str object at 0x000001EE2664CCC0>,1
<built-in method lower of str object at 0x000001EE2B61FAF0>,1
<built-in method lower of str object at 0x000001EE2B61FB30>,1
<built-in method lower of str object at 0x000001EE2664CCF0>,1
<built-in method lower of str object at 0x000001EE2B61FB70>,1
<built-in method lower of str object at 0x000001EE2B61FBB0>,1
<built-in method lower of str object at 0x000001EE2B61FBF0>,1
<built-in method lower of str object at 0x000001EE2B61FC30>,1
<built-in method lower of str object at 0x000001EE2B61FC70>,1
<built-in method lower of str object at 0x000001EE2664CD20>,1
<built-in method lower of str object at 0x000001EE2B61FCB0>,1
<built-in method lower of str object at 0x000001EE2B61FCF0>,1
<built-in method lower of str object at 0x000001EE2664CD50>,1
<built-in method lower of str object at 0x000001EE2B61FD30>,1
<built-in method lower of str object at 0x000001EE2664CA20>,1
<built-in method lower of str object at 0x000001EE2B61FD70>,1
<built-in method lower of str object at 0x000001EE2664CA50>,1
<built-in method lower of str object at 0x000001EE2664CA80>,1
<built-in method lower of str object at 0x000001EE2B61FDB0>,1
<built-in method lower of str object at 0x000001EE2B61FDF0>,1
<built-in method lower of str object at 0x000001EE2B61FE30>,1
<built-in method lower of str object at 0x000001EE2B61FE70>,1
<built-in method lower of str object at 0x000001EE2B61FEB0>,1
<built-in method lower of str object at 0x000001EE2B61FEF0>,1
<built-in method lower of str object at 0x000001EE2664CAB0>,1
<built-in method lower of str object at 0x000001EE2664CAE0>,1
<built-in method lower of str object at 0x000001EE2B61FF30>,1
<built-in method lower of str object at 0x000001EE2B61FF70>,1
<built-in method lower of str object at 0x000001EE2B61FFB0>,1
<built-in method lower of str object at 0x000001EE2B620030>,1
<built-in method lower of str object at 0x000001EE2B620070>,1
<built-in method lower of str object at 0x000001EE2B6200B0>,1
<built-in method lower of str object at 0x000001EE2B822470>,1
<built-in method lower of str object at 0x000001EE2B8224B0>,1
<built-in method lower of str object at 0x000001EE2664D0E0>,1
<built-in method lower of str object at 0x000001EE2B8224F0>,1
<built-in method lower of str object at 0x000001EE2B822530>,1
<built-in method lower of str object at 0x000001EE2B822570>,1
<built-in method lower of str object at 0x000001EE2B8225B0>,1
<built-in method lower of str object at 0x000001EE2B8225F0>,1
<built-in method lower of str object at 0x000001EE2B822630>,1
<built-in method lower of str object at 0x000001EE2664D110>,1
<built-in method lower of str object at 0x000001EE2B822670>,1
<built-in method lower of str object at 0x000001EE2B8226B0>,1
<built-in method lower of str object at 0x000001EE2B8226F0>,1
<built-in method lower of str object at 0x000001EE2B822730>,1
<built-in method lower of str object at 0x000001EE2B822770>,1
<built-in method lower of str object at 0x000001EE2664D140>,1
<built-in method lower of str object at 0x000001EE2B8227B0>,1
<built-in method lower of str object at 0x000001EE2B8227F0>,1
<built-in method lower of str object at 0x000001EE2664D170>,1
<built-in method lower of str object at 0x000001EE2B822830>,1
<built-in method lower of str object at 0x000001EE2664D1A0>,1
<built-in method lower of str object at 0x000001EE2664CB10>,1
<built-in method lower of str object at 0x000001EE2B822870>,1
<built-in method lower of str object at 0x000001EE2664C300>,1
<built-in method lower of str object at 0x000001EE2664C330>,1
<built-in method lower of str object at 0x000001EE2B8228B0>,1
<built-in method lower of str object at 0x000001EE2664CD80>,1
<built-in method lower of str object at 0x000001EE2B8228F0>,1
<built-in method lower of str object at 0x000001EE2B822930>,1
<built-in method lower of str object at 0x000001EE2664CDB0>,1
<built-in method lower of str object at 0x000001EE2B822970>,1
<built-in method lower of str object at 0x000001EE2B8229B0>,1
<built-in method lower of str object at 0x000001EE2B8229F0>,1
<built-in method lower of str object at 0x000001EE2BA24DB0>,1
<built-in method lower of str object at 0x000001EE2664D530>,1
<built-in method lower of str object at 0x000001EE2BA24DF0>,1
<built-in method lower of str object at 0x000001EE2664D560>,1
<built-in method lower of str object at 0x000001EE2BA24E30>,1
<built-in method lower of str object at 0x000001EE2BA24E70>,1
<built-in method lower of str object at 0x000001EE2BA24EB0>,1
<built-in method lower of str object at 0x000001EE2664D590>,1
<built-in method lower of str object at 0x000001EE2BA24EF0>,1
<built-in method lower of str object at 0x000001EE2664D5C0>,1
<built-in method lower of str object at 0x000001EE2BA24F30>,1
<built-in method lower of str object at 0x000001EE2BA24F70>,1
<built-in method lower of str object at 0x000001EE2BA24FB0>,1
<built-in method lower of str object at 0x000001EE2BA24FF0>,1
<built-in method lower of str object at 0x000001EE2BA25030>,1
<built-in method lower of str object at 0x000001EE2BA25070>,1
<built-in method lower of str object at 0x000001EE2BA250B0>,1
<built-in method lower of str object at 0x000001EE2BA250F0>,1
<built-in method lower of str object at 0x000001EE2BA25130>,1
<built-in method lower of str object at 0x000001EE2664D5F0>,1
<built-in method lower of str object at 0x000001EE2664CDE0>,1
<built-in method lower of str object at 0x000001EE2BA25170>,1
<built-in method lower of str object at 0x000001EE2BA251B0>,1
<built-in method lower of str object at 0x000001EE2664CE10>,1
<built-in method lower of str object at 0x000001EE2BA251F0>,1
<built-in method lower of str object at 0x000001EE2664CE40>,1
<built-in method lower of str object at 0x000001EE2BA25230>,1
<built-in method lower of str object at 0x000001EE2664D1D0>,1
<built-in method lower of str object at 0x000001EE2664D200>,1
<built-in method lower of str object at 0x000001EE2BA25270>,1
<built-in method lower of str object at 0x000001EE2BA252B0>,1
<built-in method lower of str object at 0x000001EE2BA252F0>,1
<built-in method lower of str object at 0x000001EE2BA25330>,1
<built-in method lower of str object at 0x000001EE2CBF76F0>,1
<built-in method lower of str object at 0x000001EE24E0D710>,1
<built-in method lower of str object at 0x000001EE2664D740>,1
<built-in method lower of str object at 0x000001EE2CBF7730>,1
<built-in method lower of str object at 0x000001EE2CBF7770>,1
<built-in method lower of str object at 0x000001EE2664D770>,1
<built-in method lower of str object at 0x000001EE2664D7A0>,1
<built-in method lower of str object at 0x000001EE2CBF77B0>,1
<built-in method lower of str object at 0x000001EE2CBF77F0>,1
<built-in method lower of str object at 0x000001EE2664D7D0>,1
<built-in method lower of str object at 0x000001EE2CBF7830>,1
<built-in method lower of str object at 0x000001EE2CBF7870>,1
<built-in method lower of str object at 0x000001EE2664D800>,1
<built-in method lower of str object at 0x000001EE2664D830>,1
<built-in method lower of str object at 0x000001EE2664D860>,1
<built-in method lower of str object at 0x000001EE2664D890>,1
<built-in method lower of str object at 0x000001EE2CBF78B0>,1
<built-in method lower of str object at 0x000001EE2CBF78F0>,1
<built-in method lower of str object at 0x000001EE2CBF7930>,1
<built-in method lower of str object at 0x000001EE2CBF7970>,1
<built-in method lower of str object at 0x000001EE2CBF79B0>,1
<built-in method lower of str object at 0x000001EE2CBF79F0>,1
<built-in method lower of str object at 0x000001EE2CBF7A30>,1
<built-in method lower of str object at 0x000001EE2CBF7A70>,1
<built-in method lower of str object at 0x000001EE2CBF7AB0>,1
<built-in method lower of str object at 0x000001EE2CBF7AF0>,1
<built-in method lower of str object at 0x000001EE2CBF7B30>,1
<built-in method lower of str object at 0x000001EE2CBF7B70>,1
<built-in method lower of str object at 0x000001EE2CBF7BB0>,1
<built-in method lower of str object at 0x000001EE2CBF7BF0>,1
<built-in method lower of str object at 0x000001EE2664D8C0>,1
<built-in method lower of str object at 0x000001EE2CBF7C30>,1
<built-in method lower of str object at 0x000001EE2CBF7C70>,1
<built-in method lower of str object at 0x000001EE2CDFA070>,1
<built-in method lower of str object at 0x000001EE2CDFA0B0>,1
<built-in method lower of str object at 0x000001EE2CDFA0F0>,1
<built-in method lower of str object at 0x000001EE2CDFA130>,1
<built-in method lower of str object at 0x000001EE2CDFA170>,1
<built-in method lower of str object at 0x000001EE2CDFA1B0>,1
<built-in method lower of str object at 0x000001EE2CDFA1F0>,1
<built-in method lower of str object at 0x000001EE2CDFA230>,1
<built-in method lower of str object at 0x000001EE2CDFA270>,1
<built-in method lower of str object at 0x000001EE2CDFA2B0>,1
<built-in method lower of str object at 0x000001EE2664DB60>,1
<built-in method lower of str object at 0x000001EE2664DB90>,1
<built-in method lower of str object at 0x000001EE2664DBC0>,1
<built-in method lower of str object at 0x000001EE2664DBF0>,1
<built-in method lower of str object at 0x000001EE2CDFA2F0>,1
<built-in method lower of str object at 0x000001EE2CDFA330>,1
<built-in method lower of str object at 0x000001EE2CDFA370>,1
<built-in method lower of str object at 0x000001EE2CDFA3B0>,1
<built-in method lower of str object at 0x000001EE2CDFA3F0>,1
<built-in method lower of str object at 0x000001EE2CDFA430>,1
<built-in method lower of str object at 0x000001EE2CDFA470>,1
<built-in method lower of str object at 0x000001EE2664DC20>,1
<built-in method lower of str object at 0x000001EE2664D8F0>,1
<built-in method lower of str object at 0x000001EE2CDFA4B0>,1
<built-in method lower of str object at 0x000001EE2664D920>,1
<built-in method lower of str object at 0x000001EE2664D950>,1
<built-in method lower of str object at 0x000001EE2664D980>,1
<built-in method lower of str object at 0x000001EE2CDFA4F0>,1
<built-in method lower of str object at 0x000001EE2664D9B0>,1
<built-in method lower of str object at 0x000001EE2CDFA530>,1
<built-in method lower of str object at 0x000001EE2CDFA570>,1
<built-in method lower of str object at 0x000001EE2CDFA5B0>,1
<built-in method lower of str object at 0x000001EE2CDFA5F0>,1
<built-in method lower of str object at 0x000001EE2CFFC9F0>,1
<built-in method lower of str object at 0x000001EE2664DFB0>,1
<built-in method lower of str object at 0x000001EE2CFFCA30>,1
<built-in method lower of str object at 0x000001EE2CFFCA70>,1
<built-in method lower of str object at 0x000001EE2CFFCAB0>,1
<built-in method lower of str object at 0x000001EE2CFFCAF0>,1
<built-in method lower of str object at 0x000001EE2CFFCB30>,1
<built-in method lower of str object at 0x000001EE2CFFCB70>,1
<built-in method lower of str object at 0x000001EE2664DFE0>,1
<built-in method lower of str object at 0x000001EE2CFFCBB0>,1
<built-in method lower of str object at 0x000001EE2CFFCBF0>,1
<built-in method lower of str object at 0x000001EE2664E010>,1
<built-in method lower of str object at 0x000001EE2CFFCC30>,1
<built-in method lower of str object at 0x000001EE2CFFCC70>,1
<built-in method lower of str object at 0x000001EE2CFFCCB0>,1
<built-in method lower of str object at 0x000001EE2664E040>,1
<built-in method lower of str object at 0x000001EE2664E070>,1
<built-in method lower of str object at 0x000001EE2CFFCCF0>,1
<built-in method lower of str object at 0x000001EE2664D9E0>,1
<built-in method lower of str object at 0x000001EE2CFFCD30>,1
<built-in method lower of str object at 0x000001EE2CFFCD70>,1
<built-in method lower of str object at 0x000001EE2664DA10>,1
<built-in method lower of str object at 0x000001EE2664DA40>,1
<built-in method lower of str object at 0x000001EE2CFFCDB0>,1
<built-in method lower of str object at 0x000001EE2CFFCDF0>,1
<built-in method lower of str object at 0x000001EE2664DC50>,1
<built-in method lower of str object at 0x000001EE2CFFCE30>,1
<built-in method lower of str object at 0x000001EE2CFFCE70>,1
<built-in method lower of str object at 0x000001EE2CFFCEB0>,1
<built-in method lower of str object at 0x000001EE2664DC80>,1
<built-in method lower of str object at 0x000001EE2CFFCEF0>,1
<built-in method lower of str object at 0x000001EE2CFFCF30>,1
<built-in method lower of str object at 0x000001EE2CFFCF70>,1
<built-in method lower of str object at 0x000001EE2664E250>,1
<built-in method lower of str object at 0x000001EE2664E280>,1
<built-in method lower of str object at 0x000001EE2E056370>,1
<built-in method lower of str object at 0x000001EE2E0563B0>,1
<built-in method lower of str object at 0x000001EE2664E2B0>,1
<built-in method lower of str object at 0x000001EE2664E2E0>,1
<built-in method lower of str object at 0x000001EE2E0563F0>,1
<built-in method lower of str object at 0x000001EE2E056430>,1
<built-in method lower of str object at 0x000001EE2E056470>,1
<built-in method lower of str object at 0x000001EE2E0564B0>,1
<built-in method lower of str object at 0x000001EE2E0564F0>,1
<built-in method lower of str object at 0x000001EE2E056530>,1
<built-in method lower of str object at 0x000001EE2E056570>,1
<built-in method lower of str object at 0x000001EE2E0565B0>,1
<built-in method lower of str object at 0x000001EE2664E310>,1
<built-in method lower of str object at 0x000001EE2E0565F0>,1
<built-in method lower of str object at 0x000001EE2664E340>,1
<built-in method lower of str object at 0x000001EE2E056630>,1
<built-in method lower of str object at 0x000001EE2664E370>,1
<built-in method lower of str object at 0x000001EE2E056670>,1
<built-in method lower of str object at 0x000001EE2E0566B0>,1
<built-in method lower of str object at 0x000001EE2E0566F0>,1
<built-in method lower of str object at 0x000001EE2664E3A0>,1
<built-in method lower of str object at 0x000001EE2E056730>,1
<built-in method lower of str object at 0x000001EE2E056770>,1
<built-in method lower of str object at 0x000001EE2E0567B0>,1
<built-in method lower of str object at 0x000001EE2664E3D0>,1
<built-in method lower of str object at 0x000001EE2E0567F0>,1
<built-in method lower of str object at 0x000001EE2664E400>,1
<built-in method lower of str object at 0x000001EE2E056830>,1
<built-in method lower of str object at 0x000001EE2E056870>,1
<built-in method lower of str object at 0x000001EE2E0568B0>,1
<built-in method lower of str object at 0x000001EE2E0568F0>,1
